GID,NUMSTAT,IDENT,ADRESSE,COMMUNE,DATESERV,LIGNCORR,NBSUPPOR,NOM,TARIF,TERMBANC,TYPEA,GEOM_O,CDATE,MDATE
117,133,132,30 place des Capucins,BORDEAUX,,58/Citéis 43/Citéis 45/Lianes 10 (spécial Train)/Lianes 11/Lianes 15/Lianes 16,20,Capucins,VLS,OUI,VCUB,0,20160617111044,20160617113652
120,2,18,"rue François de Sourdis, face au cimetière de la Chartreuse",BORDEAUX,,A/26/Lianes 1,20,St Bruno,VLS,OUI,VCUB,0,20160617111044,20160617113652
123,101,105,quai maréchal Lyautey,BORDEAUX,,C/Citéis 47,20,Place Jean Jaurès,VLS,OUI,VCUB,0,20160617111044,20160617113652
124,141,330,248 cours du Maréchal Gallieni,TALENCE,,Lianes 4,20,La Médoquine,VLS,OUI,VCUB,0,20160617111044,20160617113652
126,67,76,allée de Serr,BORDEAUX,,Citéis 45,18,Allée de Serr Abadie,VLS,OUI,VCUB,0,20160617111044,20160617113656
128,134,133,20 place du Maucaillou,BORDEAUX,,Citéis 47,19,Place du Maucaillou,VLS,OUI,VCUB,0,20160617111044,20160617113652
132,152,271,349-351 Route de Toulouse,VILLENAVE-D'ORNON,,Lianes 5/Citéis 43,20,Hôpital Robert Picqué,VLS,OUI,VCUB,0,20160617111044,20160617113652
134,172,390,Quai de Bacalan,BORDEAUX,,B,20,La Cité du Vin,VLS,OUI,VCUB,0,20160617111044,20160617113652
136,162,362,avenue Lénine,BEGLES,,C/Corol 34/Citéis 43,20,Gare de Bègles,VLS PLUS,OUI,VCUB,0,20160617111044,20160617113652
138,165,360,avenue du Haut Lévêque,PESSAC,,B/Lianes 4/Corol 36/Citéis 44,20,France Alouette,VLS PLUS,OUI,VCUB,0,20160617111044,20160617113652
140,122,123,77 cours Saint Louis,BORDEAUX,,Lianes 4/Citéis 45,16,St Louis Médoc,VLS,OUI,VCUB,0,20160617111044,20160617113652
144,131,130,"place Nansouty, 238 cours de l'Yser",BORDEAUX,,20/58/Lianes 5/Lianes 9/Lianes 10 (spécial Train)/Citéis 43,16,Nansouty,VLS,OUI,VCUB,0,20160617111044,20160617113652
146,132,131,118 cours de la Somme,BORDEAUX,,20/58/Lianes 10 (spécial Train)/Lianes 5,14,Cours de la Somme,VLS,OUI,VCUB,0,20160617111044,20160617113652
148,145,250,Cours de Québec,BORDEAUX,,C,17,Berges du Lac,VLS PLUS,OUI,VCUB,0,20160617111044,20160617113652
151,15,30,"71, rue de la Croix Blanche",BORDEAUX,,26/83/Lianes 2/Lianes 3/Spécifique 74,14,Rue de la Croix Blanche,VLS,OUI,VCUB,0,20160617111044,20160617113652
154,125,125,"quai Ste Croix, devant le conservatoire",BORDEAUX,,C/58/Citéis 45/Lianes 10,20,Conservatoire,VLS,OUI,VCUB,0,20160617111044,20160617113652
156,73,81,face au 307 boulevard J.J. Bosc,BEGLES,,C/26/Lianes 11/Corol 36,21,Terres Neuves,VLS PLUS,OUI,VCUB,0,20160617111044,20160617113656
159,167,380,avenue Descartes,SAINT-MEDARD-EN-JALLES,,Lianes 3,20,Centre commercial St Médard,VLS PLUS,OUI,VCUB,0,20160617111044,20160617113652
161,56,65,place Paul Doumer,BORDEAUX,,C/Lianes 15/Lianes 4,20,Place Paul Doumer,VLS,OUI,VCUB,0,20160617111044,20160617113656
165,169,382,Rue Léopold Laplante,BRUGES,,Corol 33/Lianes 15,20,Bruges La Vache,VLS PLUS,OUI,VCUB,0,20160617111044,20160617113652
167,45,54,2 place Ste Eulalie,BORDEAUX,,Citéis 45/Lianes 15/Lianes 16/Lianes 5,20,Place Ste Eulalie,VLS,OUI,VCUB,0,20160617111044,20160617113652
169,164,361,avenue du Haut Lévêque,PESSAC,,B/24/Corol 36/Citéis 44/Flexo 54 Résa,15,Hôpital Haut Lévêque,VLS PLUS,OUI,VCUB,0,20160617111044,20160617113652
172,80,87,Avenue du Haut Lévêque,PESSAC,,B/Corol 36/Citéis 44,18,Gare Pessac Alouette,VLS PLUS,OUI,VCUB,0,20160617111044,20160617113656
174,170,404,111 Cours du Raccordement,BORDEAUX,,L7/Corol32,20,Lucien Faure,VLS,OUI,VCUB,0,20160617111044,20160617113652
10,33,43,Rue Durieu de Maisonneuve,BORDEAUX,,56 exp/72/Lianes 5/Lianes 6/Lianes 9/29/703,18,Barrière du Médoc,VLS,OUI,VCUB,0,20160617111044,20160617113652
12,78,5,avenue Bougnard,PESSAC,,B/24/Corol 36/Flexo 54,20,Bougnard,VLS PLUS,OUI,VCUB,0,20160617111044,20160617113656
14,143,284,En face du 46 rue Domion,BORDEAUX,,Lianes 3,18,Pins Francs,VLS,OUI,VCUB,0,20160617111044,20160617113652
15,25,37,97 rue François de Sourdis,BORDEAUX,,24/26,14,François de Sourdis,VLS,OUI,VCUB,0,20160617111044,20160617113652
17,159,285,Boulevard Jacques Chaban Delmas,BRUGES,,73/Flexo 57 Resa,24,Camping International,VLS PLUS,OUI,VCUB,0,20160617111044,20160617113652
19,140,283,120 rue de la Béchade,BORDEAUX,,24/Citéis 41/Lianes 8,20,Charles Perrens,VLS,OUI,VCUB,0,20160617111044,20160617113652
21,36,45,face au 2 place de Longchamps,BORDEAUX,,26/29/56 exp/Lianes 5/Lianes 6,18,Place Longchamps,VLS,OUI,VCUB,0,20160617111044,20160617113652
22,62,71,avenue Jean Jaurès,CENON,,TER/A/27/Citéis 40/Flexo 51,18,Cenon Gare,VLS PLUS,OUI,VCUB,0,20160617111044,20160617113656
24,155,310,Face au 10 rue Naudet,GRADIGNAN,,58/Lianes 10,24,Village 6 IUT,VLS PLUS,OUI,VCUB,0,20160617111044,20160617113652
26,119,121,angle av Emile Counord / rue F. Leveque,BORDEAUX,,C,20,Grand Parc,VLS,OUI,VCUB,0,20160617111044,20160617113652
28,120,6,face au 196 cours St Louis,BORDEAUX,,Lianes 4/Corol 32,18,Saint Louis Haussmann,VLS,OUI,VCUB,0,20160617111044,20160617113656
30,1,16,"rue Claude Bonnier, niveau station tram",BORDEAUX,,A/Lianes 16,20,Mériadeck,VLS,OUI,VCUB,0,20160617111044,20160617113652
32,8,23,120 cours Maréchal Juin,BORDEAUX,,A/26,20,Patinoire,VLS,OUI,VCUB,0,20160617111044,20160617113652
33,7,22,18 cours du Maréchal Juin,BORDEAUX,,A/Lianes 15/Lianes 16/Lianes 4/Lianes 5/Lianes 6/56 exp,18,Palais de Justice,VLS,OUI,VCUB,0,20160617111044,20160617113652
36,44,53,16 cours Pasteur,BORDEAUX,,B/24/Citéis 45,20,Musée d'Aquitaine,VLS,OUI,VCUB,0,20160617111044,20160617113652
37,29,40,Place de l'Eglise St Augustin,BORDEAUX,,Citéis 42/Lianes 11/Citéis 41,20,St Augustin,VLS,OUI,VCUB,0,20160617111044,20160617113652
40,40,49,rue Esprit des Lois,BORDEAUX,,B/Citéis 47,20,Grand Théâtre,VLS,OUI,VCUB,0,20160617111044,20160617113652
42,59,68,17 quai des Chartrons,BORDEAUX,,B,18,CAPC,VLS,OUI,VCUB,0,20160617111044,20160617113656
43,68,77,73 avenue Thiers,BORDEAUX,,A/Citéis 45,18,Thiers Jardin Botanique,VLS,OUI,VCUB,0,20160617111044,20160617113656
45,74,82,2 rue Calixte Camelle,BEGLES,,Citéis 43/Lianes 11,22,Place du 14 juillet,VLS PLUS,OUI,VCUB,0,20160617111044,20160617113656
47,84,91,face au 110 avenue Pierre Mendès France,MERIGNAC,,23/Citéis 42/Corol 35/Flexo 48/Flexo 54,18,Le Burck,VLS PLUS,OUI,VCUB,0,20160617111044,20160617113656
49,100,104,face au 119 quai des Chartrons,BORDEAUX,,B/Citéis 46,20,Cours du Médoc,VLS,OUI,VCUB,0,20160617111044,20160617113652
50,90,97,"avenue François Mitterrand, devant le P+R",MERIGNAC,,A/Citéis 42/23/Flexo 54,18,Fontaine d'Arlac,VLS PLUS,OUI,VCUB,0,20160617111044,20160617113656
52,95,100,87 av. du Général de Gaulle,BRUGES,,29/56 exp/Corol 35/Lianes 6,16,Bruges Hôtel de Ville,VLS PLUS,OUI,VCUB,0,20160617111044,20160617113652
54,124,124,face au 18 quai de la Monnaie,BORDEAUX,,C,20,Parc des Sports,VLS,OUI,VCUB,0,20160617111044,20160617113652
56,121,122,face au 30 place St Martial,BORDEAUX,,Lianes 4/Citéis 45,14,Place St Martial,VLS,OUI,VCUB,0,20160617111044,20160617113652
58,24,36,face au 9 rue Léo Drouyn,BORDEAUX,,24,16,Libération,VLS,OUI,VCUB,0,20160617111044,20160617113652
60,139,138,152 cours de l'Yser,BORDEAUX,,20/58/Lianes 5/Lianes 10 (spécial Train)/Citéis 43,18,Lycée Brémontier,VLS,OUI,VCUB,0,20160617111044,20160617113652
61,41,50,9 rue des Trois Conils,BORDEAUX,,Citéis 47,18,Place St Projet,VLS,OUI,VCUB,0,20160617111044,20160617113652
63,46,55,face au 18 rue Eugène Delacroix,BORDEAUX,,C/Lianes 11,21,Belcier,VLS,OUI,VCUB,0,20160617111044,20160617113656
64,70,79,pôle d'échanges Buttinière,LORMONT,,A/27/64/67/Corol 32/Citéis 40/Flexo 68/Résago Artigues,20,Buttinière,VLS PLUS,OUI,VCUB,0,20160617111044,20160617113656
66,47,56,212 rue Fernand Audeguil,BORDEAUX,,Lianes 11/Lianes 4/26,16,Magendie,VLS,OUI,VCUB,0,20160617111044,20160617113656
68,117,8,rond-point avenue des Facultés,PESSAC,,B,20,Doyen Brus,VLS,OUI,VCUB,0,20160617111044,20160617113656
70,49,58,43 rue Emile Zola,LE BOUSCAT,,56 exp/72/Lianes 6,18,Le Bouscat Mairie,VLS,OUI,VCUB,0,20160617111044,20160617113656
72,53,62,face au 230 rue Camille Godard,BORDEAUX,,72,14,Parc Rivière,VLS,OUI,VCUB,0,20160617111044,20160617113656
74,105,109,63 rue du Mirail,BORDEAUX,,Citéis 47,20,Rue du Mirail,VLS,OUI,VCUB,0,20160617111044,20160617113652
76,32,42,67 avenue Carnot,BORDEAUX,,Lianes 5,16,Parc Bordelais,VLS,OUI,VCUB,0,20160617111044,20160617113652
78,26,38,247 boulevard Maréchal Leclerc,BORDEAUX,,24/Lianes 9,16,Xaintrailles,VLS,OUI,VCUB,0,20160617111044,20160617113652
79,16,12,"avenue Thiers, face au Parc Relais",BORDEAUX,,A/28/Flexo 51/Flexo 52/Lianes 10,18,Galin,VLS,OUI,VCUB,0,20160617111044,20160617113652
81,71,80,"avenue des Griffons, terminus bus",LORMONT,,A/Lianes 7/90/Flexo 50,18,La Gardette,VLS PLUS,OUI,VCUB,0,20160617111044,20160617113656
83,97,1,101 rue Joseph Brunet,BORDEAUX,,B/76,20,Claveau,VLS PLUS,OUI,VCUB,0,20160617111044,20160617113652
85,18,9,78 rue du Palais Gallien,BORDEAUX,,83/Lianes 1/Lianes 16/Lianes 2/Lianes 3,14,Huguerie,VLS,OUI,VCUB,0,20160617111044,20160617113656
86,31,10,face au 7 rue de l'église,BORDEAUX,,Citéis 41/Corol 33/Lianes 2,16,Caudéran,VLS PLUS,OUI,VCUB,0,20160617111044,20160617113652
88,72,15,"avenue Jean Zay, au niveau de la station Tram Jean Zay",CENON,,A/27/Flexo 51,24,Jean Zay,VLS PLUS,OUI,VCUB,0,20160617111044,20160617113652
89,4,20,"place Vercingétorix, face au 37 place des martyrs de la résistance",BORDEAUX,,83/Lianes 1/Lianes 2/Lianes 3/Lianes 16,20,St Seurin,VLS,OUI,VCUB,0,20160617111044,20160617113652
90,5,21,face au 40 place Gambetta,BORDEAUX,,56exp/83/Lianes 1/Lianes 2/Lianes 3/Lianes 4/Lianes 5/Lianes 6/Lianes 15/Lianes 16/601,20,Place Gambetta,VLS,OUI,VCUB,0,20160617111044,20160617113652
92,11,26,face au 108 boulevard du Pdt Wilson,BORDEAUX,,Lianes 1/Lianes 9/Lianes 16/Spécifique 74/,20,Cité Administrative,VLS,OUI,VCUB,0,20160617111044,20160617113652
94,20,33,face au 1 place des Grands Hommes,BORDEAUX,,B/Citéis 47,20,Grands Hommes,VLS,OUI,VCUB,0,20160617111044,20160617113652
96,27,39,entrée de l'université Bordeaux II / Maternité Pellegrin,BORDEAUX,,Citéis 41/Lianes 11/Lianes 8,20,Bordeaux II,VLS,OUI,VCUB,0,20160617111044,20160617113652
97,37,46,60 cours de Verdun,BORDEAUX,,C/26/29/56 exp/Lianes 15/Lianes 4/Lianes 5/Lianes 6,20,Jardin Public,VLS,OUI,VCUB,0,20160617111044,20160617113652
99,48,57,54 boulevard George V,BORDEAUX,,Lianes 9/Lianes 11/Lianes 4,18,Barrière de Pessac,VLS,OUI,VCUB,0,20160617111044,20160617113656
101,54,63,28 rue St Vincent de Paul,BORDEAUX,,TER/C/Lianes 9/Lianes 10/Lianes 11/Lianes 16,22,Rue St Vincent de Paul,VLS,OUI,VCUB,0,20160617111044,20160617113656
102,57,66,face au 9 rue Sicard,BORDEAUX,,C/Lianes 15/Lianes 4,16,Eglise St Louis,VLS,OUI,VCUB,0,20160617111044,20160617113656
104,64,73,"rue Henri Dunant, square Marie Louis Sue",BORDEAUX,,Citéis 45/Spécifique 80,18,La Benauge,VLS,OUI,VCUB,0,20160617111044,20160617113656
105,66,75,"quai de Queyries, face à la Gare d'Orléans",BORDEAUX,,91/92/Citéis 45/Flexo 50,20,Gare d'Orléans,VLS,OUI,VCUB,0,20160617111044,20160617113656
107,83,90,25 rue Eugène et Marc Dulout,PESSAC,,TER/B/23/24/87/Corol 35/Corol 36/Citéis 42/Citéis 44/Flexo 48/Flexo 54/Lianes 4,21,Pessac Centre,VLS PLUS,OUI,VCUB,0,20160617111044,20160617113656
116,130,129,face au 6 boulevard Albert 1er,BORDEAUX,,26/Citéis 43/Lianes 10/20/58/Citéis 43/Lianes 5/Lianes 9,19,Barrière de Toulouse,VLS,OUI,VCUB,0,20160617111044,20160617113652
118,127,139,rue St Vincent de Paul (terminus bus),BORDEAUX,,TER/C/Lianes 9/Lianes 10/Lianes 11/Lianes 16,22,Gare St Jean,VLS,OUI,VCUB,0,20160617111044,20160617113652
119,65,74,"7, 9 place Stalingrad",BORDEAUX,,A/27/28/62/91/92//Flexo 38/Flexo 50/Résago Bouliac/403/404/405/501,41,Stalingrad,VLS,OUI,VCUB,0,20160617111044,20160617113656
121,86,93,avenue de la Somme - îlot Mirepin,MERIGNAC,,Lianes 1/Corol 34/Corol 33/30/70,20,Merignac Soleil,VLS PLUS,OUI,VCUB,0,20160617111044,20160617113656
122,111,4,avenue Roul (terminus bus),TALENCE,,B/21/58/Corol 35/Lianes 10/Lianes 10 (spécial Train)/502/503/504/505,40,Peixotto,VLS,OUI,VCUB,0,20160617111044,20160617113652
125,126,126,82 quai Paludate,BORDEAUX,,Lianes 11/58,12,Quai de Paludate,VLS,OUI,VCUB,0,20160617111044,20160617113652
127,81,88,33 av du Général Leclerc,PESSAC,,Citéis 44/Flexo 48/Lianes 4,18,Morin Cazalet,VLS PLUS,OUI,VCUB,0,20160617111044,20160617113656
129,150,292,22 Boulevard Feydeau,ARTIGUES-PRES-BORDEAUX,,27/80/Citéis 63/Flexo 51 Résa,19,Artigues Feydeau,VLS PLUS,OUI,VCUB,0,20160617111044,20160617113652
130,28,14,"place Amélie Raba Leon, au niveau de l'EFS",BORDEAUX,,A/Citéis 41/Lianes 8/Lianes 11/701/702,20,Hôpital Pellegrin,VLS,OUI,VCUB,0,20160617111044,20160617113652
131,76,84,face au 564 route de Toulouse,VILLENAVE-D'ORNON,,89/Lianes 15/Lianes 5,21,Pont de la Maye (retirée le 19 novembre 2015 en raison des travaux d'extension du tram C),VLS PLUS,OUI,VCUB,0,20160617111044,20160617113656
133,14,29,"75, rue de Lyon",BORDEAUX,,83/Lianes 2/Lianes 3/Spécifique 74,14,Dubreuil Turenne,VLS,OUI,VCUB,0,20160617111044,20160617113652
135,35,44,209 rue Fondaudège,BORDEAUX,,29/56 exp/Lianes 5/Lianes 6,16,Place Marie Brizard (supprimée le 11 mars 2016 en raison des travaux tram D),VLS,OUI,VCUB,0,20160617111044,20160617113652
137,85,92,"avenue de la Marne, devant le P+R",MERIGNAC,,A/Corol 34,18,Quatre Chemins,VLS PLUS,OUI,VCUB,0,20160617111044,20160617113656
139,38,47,16 place Charles Gruet,BORDEAUX,,26/29/Lianes 5/Lianes 6,16,Place Charles Gruet,VLS,OUI,VCUB,0,20160617111044,20160617113652
141,23,17,place de la République,BORDEAUX,,24/Lianes 15/Lianes 16/Lianes 4/Lianes 5/Citéis 45/701/702,20,République,VLS,OUI,VCUB,0,20160617111044,20160617113652
142,61,70,angle quai de Queyries / allée Jean Giono,BORDEAUX,,91/92/Citéis 45/Flexo 50,16,Parc aux Angeliques,VLS,OUI,VCUB,0,20160617111044,20160617113656
143,137,136,"Cours Barbey, à l'angle avec le cours de la Marne",BORDEAUX,,58/Citéis 45/Lianes 10 (spécial Train)/Lianes 11/Lianes 16,25,Place André Meunier,VLS,OUI,VCUB,0,20160617111044,20160617113652
145,114,117,angle rue de Compostelle / cours de la Libération,GRADIGNAN,,21/505,27,Compostelle,VLS,OUI,VCUB,0,20160617111044,20160617113652
147,115,118,1 avenue de l'Université,TALENCE,,21/58/87/Corol 34/Corol 35/Lianes 8/Lianes 10,32,CREPS,VLS,OUI,VCUB,0,20160617111044,20160617113652
149,160,294,Route de Saint-Médard,SAINT-AUBIN-DE-MEDOC,,30/Corol 37/Flexo 55 Résa/Lianes 3,10,Eglise St Aubin,VLS PLUS,OUI,VCUB,0,20160617111044,20160617113652
150,113,116,"cours de la Libération, devant BEM",TALENCE,,21/Corol 35/Lianes 10/505,20,Ecole de Management,VLS,OUI,VCUB,0,20160617111044,20160617113652
152,92,98,5 avenue Montesquieu,SAINT-MEDARD-EN-JALLES,,30/71/83/Lianes 3/Corol 37/Flexo 55,16,St Médard République,VLS PLUS,OUI,VCUB,0,20160617111044,20160617113656
153,96,101,"avenue de Laroque, derrière la station tram",BORDEAUX,,C/Lianes 7/Lianes 14/Lianes 15/Corol 33/Corol 35/Corol 37/Flexo 57/202/704/705/706,26,Les Aubiers,VLS PLUS,OUI,VCUB,0,20160617111044,20160617113652
155,19,32,58 allées de Tourny,BORDEAUX,,56 exp/Lianes 15/Lianes 4/Lianes 5/Lianes 6/83/Lianes 1/Lianes 2/Lianes 3/Citéis 47,20,Place Tourny,VLS,OUI,VCUB,0,20160617111044,20160617113652
157,30,41,"place Mondésir, face à La Poste",MERIGNAC,,Citéis 41/Citéis 42/Lianes 1,18,Place Mondésir,VLS,OUI,VCUB,0,20160617111044,20160617113652
158,89,96,Square Leclerc,MERIGNAC,,A/30/Citéis 42/Corol 33/Corol 35/Lianes 11/603/701/702,21,Mérignac Centre,VLS PLUS,OUI,VCUB,0,20160617111044,20160617113656
160,173,401,Rue Achard (face à la rue Pourmann),BORDEAUX,,B,20,Rue Achard (ouverture prévue fin 2016),VLS,OUI,VCUB,0,20160617111044,20160617113652
162,82,89,avenue de Canéjean,PESSAC,,B/24/Corol 34/Flexo 54,20,Châtaigneraie,VLS PLUS,OUI,VCUB,0,20160617111044,20160617113656
163,88,95,place Jean Jaurès,MERIGNAC,,71/Corol 33/Corol 35/Lianes 16/701/702,18,Capeyron,VLS PLUS,OUI,VCUB,0,20160617111044,20160617113656
164,174,402,Quai de Queyries (en face de la rue Hortense),BORDEAUX,,91/92/Citéis 45/Flexo 50,20,Darwin (ouverture prévue septembre 2016),VLS,OUI,VCUB,0,20160617111044,20160617113652
166,77,85,place Bernard Roumegoux,GRADIGNAN,,Corol 36/Lianes 10/505,20,Place Bernard Roumegoux,VLS PLUS,OUI,VCUB,0,20160617111044,20160617113656
168,151,260,Avenue Salvador Allende,FLOIRAC,,A/28/Corol 32/Citéis 63/Flexo 52/80,20,Dravemont,VLS PLUS,OUI,VCUB,0,20160617111044,20160617113652
170,168,383,rue Dupaty,BLANQUEFORT,,56 exp/Corol 37/Lianes 6/Spécifique 77,20,Mairie de Blanquefort,VLS PLUS,OUI,VCUB,0,20160617111044,20160617113652
171,6,13,"cours d'Albret, square André Lhote",BORDEAUX,,Lianes 15/Lianes 16/Lianes 4/Lianes 5/Lianes 6,20,Square André Lhote,VLS,OUI,VCUB,0,20160617111044,20160617113652
173,171,381,22 et 23 Place A Larrieu,BORDEAUX,,Lianes 11/Lianes 4,20,Place Amédée Larrieu,VLS,OUI,VCUB,0,20160617111044,20160617113652
1,146,341,Avenue Jean Gabriel Domergue,BORDEAUX,,C/Corol 32,30,Palais des Congrès,VLS PLUS,OUI,VCUB,0,20160617111044,20160617113652
2,158,340,Avenue de Magudas,LE HAILLAN,,A/30/Flexo 48/71,20,Le Haillan Rostand,VLS PLUS,OUI,VCUB,0,20160617111044,20160617113652
3,153,270,Face au 325 Chemin de Leysotte,VILLENAVE-D'ORNON,,87,20,Parc Sourreil,VLS PLUS,OUI,VCUB,0,20160617111044,20160617113652
4,147,352,Allée Louis Ratabou,BORDEAUX,,C,30,Parc des Expositions,VLS PLUS,OUI,VCUB,0,20160617111044,20160617113652
5,12,27,24 avenue Louis Barthou,BORDEAUX,,Lianes 2,16,Grand Lebrun,VLS,OUI,VCUB,0,20160617111044,20160617113652
6,157,350,2 rue Alphonse Daudet,MERIGNAC,,A/Lianes 16/Corol 34/71,20,Les Pins,VLS PLUS,OUI,VCUB,0,20160617111044,20160617113652
7,166,370,Voie d'accès au centre commercial entre Leroy Merlin et Auchan,BORDEAUX,,Lianes 7/Lianes 15,20,Centre commercial du Lac,VLS PLUS,OUI,VCUB,0,20160617111044,20160617113652
8,94,99,rue de la gare,BLANQUEFORT,,TER/84/29/704,18,Gare de Blanquefort (réouverture prévue fin 2016),VLS PLUS,OUI,VCUB,0,20160617111044,20160617113656
9,163,364,route de Toulouse,BEGLES,,C/Lianes 5/Lianes 15/Corol 34/Citéis 43,20,Lycée Václav Havel,VLS PLUS,OUI,VCUB,0,20160617111044,20160617113652
11,144,290,92 Rue André Messager,BRUGES,,,19,Jean Moulin,VLS,OUI,VCUB,0,20160617111044,20160617113652
13,161,323,62-64 avenue de Soulac,LE TAILLAN-MEDOC,,Lianes 5/Résago Taillan/Spécifique 79,15,Le Taillan Mairie,VLS PLUS,OUI,VCUB,0,20160617111044,20160617113652
16,135,134,Place Duburg,BORDEAUX,,Citéis 45/24/Citéis 47,20,Place St Michel,VLS,OUI,VCUB,0,20160617111044,20160617113652
18,142,251,Face au 160 avenue de Verdun,MERIGNAC,,Lianes 1,20,Bourranville,VLS,OUI,VCUB,0,20160617111044,20160617113652
20,156,351,39 rue Maurice Utrillo,MERIGNAC,,A,20,Hôtel de ville Mérignac,VLS,OUI,VCUB,0,20160617111044,20160617113652
23,154,293,221 Avenue de Thouars,TALENCE,,Lianes 8,20,Thouars,VLS PLUS,OUI,VCUB,0,20160617111044,20160617113652
25,149,252,9 Avenue de la Résistance,LORMONT,,A/Citéis 40,20,Lauriers,VLS PLUS,OUI,VCUB,0,20160617111044,20160617113652
27,148,291,Avenue du Docteur Schinazi,BORDEAUX,,B,14,Berges de la Garonne,VLS PLUS,OUI,VCUB,0,20160617111044,20160617113652
29,21,34,1 place Puy Paulin,BORDEAUX,,B/Citéis 47,15,Puy Paulin,VLS,OUI,VCUB,0,20160617111044,20160617113652
31,3,19,167 rue Judaïque,BORDEAUX,,Lianes 1/Lianes 16,18,Place Tartas,VLS,OUI,VCUB,0,20160617111044,20160617113652
34,9,24,206 rue d'Ornano,BORDEAUX,,A,20,Gaviniès,VLS,OUI,VCUB,0,20160617111044,20160617113652
35,17,31,1 rue Emile Fourcand,BORDEAUX,,26,14,Palais Gallien,VLS,OUI,VCUB,0,20160617111044,20160617113652
38,43,52,9 rue Ravez,BORDEAUX,,A/Citéis 47,18,St Paul,VLS,OUI,VCUB,0,20160617111044,20160617113652
39,60,69,face au 1 allées de Chartres,BORDEAUX,,B,20,Allées de Chartres,VLS,OUI,VCUB,0,20160617111044,20160617113656
41,50,59,14 boulevard Godard,BORDEAUX,,Lianes 9,14,Mandron Godard,VLS,OUI,VCUB,0,20160617111044,20160617113656
44,75,83,111 avenue Lucien Lerousseau,BEGLES,,Lianes 15/Citéis 43,18,Bègles Poste,VLS PLUS,OUI,VCUB,0,20160617111044,20160617113656
46,103,107,"40, cours Alsace et Lorraine",BORDEAUX,,A,20,Place du Palais,VLS,OUI,VCUB,0,20160617111044,20160617113652
48,102,106,6 quai de la Douane,BORDEAUX,,C,20,Place de la Bourse,VLS,OUI,VCUB,0,20160617111044,20160617113652
51,98,102,83 quai de Bacalan,BORDEAUX,,B/Corol 32,18,Bassins à flot,VLS,OUI,VCUB,0,20160617111044,20160617113652
53,99,103,face au 36 quai de Bacalan,BORDEAUX,,B,20,Les Hangars,VLS,OUI,VCUB,0,20160617111044,20160617113652
55,109,113,276 cours de l'Argonne,BORDEAUX,,B/Lianes 9/26,36,Barrière St Genès,VLS,OUI,VCUB,0,20160617111044,20160617113652
57,42,51,"31, 33 rue du Pas St Georges",BORDEAUX,,Citéis 47,20,Camille Jullian,VLS,OUI,VCUB,0,20160617111044,20160617113652
59,138,137,"9, 10 place Dormoy",BORDEAUX,,Lianes 9/Lianes 15,18,Barbey,VLS,OUI,VCUB,0,20160617111044,20160617113652
62,136,135,place Pierre Renaudel,BORDEAUX,,C/58/Citéis 45/Lianes 10,18,Eglise Ste Croix,VLS,OUI,VCUB,0,20160617111044,20160617113652
65,123,3,face au 42 quai Richelieu,BORDEAUX,,A/C/24/Citéis 45,36,Porte de Bourgogne,VLS,OUI,VCUB,0,20160617111044,20160617113652
67,34,2,face au 10 rue de Tivoli,BORDEAUX,,72/29,14,Tivoli,VLS,OUI,VCUB,0,20160617111044,20160617113652
69,58,67,face au 73 quai des Chartrons,BORDEAUX,,B,18,Chartrons,VLS,OUI,VCUB,0,20160617111044,20160617113656
71,107,111,face au 20 rue Brian,BORDEAUX,,B,15,St Nicolas,VLS,OUI,VCUB,0,20160617111044,20160617113652
73,69,78,5 place Calixte Camelle,BORDEAUX,,Citéis 45,14,Cours Le Rouzic,VLS,OUI,VCUB,0,20160617111044,20160617113656
75,116,119,station tram Montaigne Montesquieu,PESSAC,,B,40,Montaigne Montesquieu,VLS,OUI,VCUB,0,20160617111044,20160617113652
77,108,112,rue Grateloup,BORDEAUX,,B/26,16,Bergonié,VLS,OUI,VCUB,0,20160617111044,20160617113652
80,55,64,35 cours Evrard de Fayolle,BORDEAUX,,C/Lianes 15/72,16,Camille Godard,VLS,OUI,VCUB,0,20160617111044,20160617113656
82,91,7,face au 4 rue Georges Clémenceau,LE HAILLAN,,30/Lianes 3/701/702,16,Mairie du Haillan,VLS PLUS,OUI,VCUB,0,20160617111044,20160617113656
84,51,60,rue Jean Artus,BORDEAUX,,Lianes 9,20,Place Ampère,VLS,OUI,VCUB,0,20160617111044,20160617113656
87,93,11,3 avenue de Picot,EYSINES,,72/Lianes 2/Lianes 5/Spécifique 78/Spécifique 79,16,Eysines Centre,VLS PLUS,OUI,VCUB,0,20160617111044,20160617113652
91,10,25,115 boulevard Antoine Gautier,BORDEAUX,,A/Lianes 9,22,Stade Chaban Delmas,VLS,OUI,VCUB,0,20160617111044,20160617113652
93,13,28,6 avenue Charles de Gaulle,BORDEAUX,,83/Lianes 2/Lianes 3/Lianes 9,20,Barriere St Medard,VLS,OUI,VCUB,0,20160617111044,20160617113652
95,22,35,Place Pey Berland (trémie de sortie du parking),BORDEAUX,,A/B,33,Hôtel de Ville,VLS,OUI,VCUB,0,20160617111044,20160617113652
98,39,48,face au 9 cours du 30 Juillet,BORDEAUX,,B/C/26/29/83/Citéis 47/Lianes 1/Lianes 2/Lianes 3,40,Quinconces,VLS,OUI,VCUB,0,20160617111044,20160617113652
100,52,61,"cours de Luze, face à la mairie annexe",BORDEAUX,,Lianes 15,18,Place de l'Europe,VLS,OUI,VCUB,0,20160617111044,20160617113656
103,63,72,face au 10 av du Pdt F. Mitterrand,FLOIRAC,,Lianes 10/28/Corol 32/Flexo 52,18,François Mitterrand,VLS PLUS,OUI,VCUB,0,20160617111044,20160617113656
106,79,86,2 rue Gustave Eiffel,PESSAC,,24/Citéis 44/Corol 34/Flexo 54,20,Pessac Bersol,VLS PLUS,OUI,VCUB,0,20160617111044,20160617113656
108,87,94,"3, av Rudolf Diesel",MERIGNAC,,Lianes 1/Flexo 48,20,Kennedy Parc Hôtelier,VLS PLUS,OUI,VCUB,0,20160617111044,20160617113656
109,104,108,12 place de la Ferme de Richemont,BORDEAUX,,24/Citéis 45/citéis 47,17,Grosse Cloche,VLS,OUI,VCUB,0,20160617111044,20160617113652
110,106,110,23 place de la Victoire,BORDEAUX,,B/Lianes 5/Lianes 11/Lianes 15/Lianes 16/Citéis 45/Citéis 43/20/701/702,40,Place de la Victoire,VLS,OUI,VCUB,0,20160617111044,20160617113652
111,110,114,angle allée du 7ème Art / cours de la Libération,TALENCE,,B/20,41,Forum,VLS,OUI,VCUB,0,20160617111044,20160617113652
112,112,115,"av des Facultés, derrière la station Tram.",TALENCE,,B/58/87/Corol 34/Lianes 8,40,Arts et Métiers,VLS,OUI,VCUB,0,20160617111044,20160617113652
113,118,120,"allée de Boutaut, au niveau du P+R",LE BOUSCAT,,TER/C/73/Citéis 46/Lianes 9/Corol 32/704/705/706,20,Le Bouscat Ravezies,VLS,OUI,VCUB,0,20160617111044,20160617113652
114,128,127,"place du Cardinal Donnet, face au 112 rue Pelleport",BORDEAUX,,Lianes 9,16,Sacré Coeur,VLS,OUI,VCUB,0,20160617111044,20160617113652
115,129,128,parking du cinéma Le Festival,BEGLES,,Citéis 43/Lianes 15/Lianes 10/26,17,Barrière de Bègles,VLS,OUI,VCUB,0,20160617111044,20160617113652
